,Product_Name,Image_URL
0,Embroidered Bollywood Lycra Blend Saree,https://rukminim1.flixcart.com/image/329/395/kflftzk0-0/sari/o/y/c/free-hitesh2series-fumvel-unstitched-original-imafwypg4fwky3a7.jpeg?q=50
1,Color Block Bollywood Georgette Saree,https://rukminim1.flixcart.com/image/329/395/k5y7tzk0/sari/s/f/c/free-vs-198-p-leelavati-original-imafzgnpgcyxbhgw.jpeg?q=50
2,Embellished Bollywood Georgette Saree,https://rukminim1.flixcart.com/image/329/395/k7m8brk0/sari/y/p/q/free-mfs-66-black-mahalaxmi-fashion-unstitched-original-imafpt5nerdsufv8.jpeg?q=50
3,Printed Bandhani Georgette Saree,https://rukminim1.flixcart.com/image/329/395/xif0q/shopsy-sari/9/e/q/free-yellowfoil-manibhadra-creation-unstitched-original-imagh3my4sbzufpg.jpeg?q=50
4,Embellished Bollywood Georgette Saree,https://rukminim1.flixcart.com/image/329/395/kzygpzk0/sari/a/d/x/free-sequence-clemira-unstitched-original-imagbuq7nththegb.jpeg?q=50
5,"Printed, Floral Print Daily Wear Georgette Saree",https://rukminim1.flixcart.com/image/329/395/kynb6vk0/sari/0/v/v/free-1955s350-1926s306-1850s178-samah-unstitched-original-imagau5sf2cgch9t.jpeg?q=50
6,Embroidered Bollywood Net Saree,https://rukminim1.flixcart.com/image/329/395/kasjjww0/sari/v/9/y/free-n-gulzar-coffe-patlani-style-unstitched-original-imafsaakphexech7.jpeg?q=50
7,Woven Jamdani Cotton Blend Saree,https://rukminim1.flixcart.com/image/329/395/l30hmkw0/sari/p/o/r/free-dhakai-jamdani-lata-reshamdor-sarees-no-blouse-original-image87kuu9qeyuj.jpeg?q=50
8,Woven Bollywood Jacquard Saree,https://rukminim1.flixcart.com/image/329/395/l1pc3gw0/sari/k/g/q/free-bsp1625-banaras-silk-palace-unstitched-original-imagd7kkk39qhsrw.jpeg?q=50
9,Printed Bollywood Art Silk Saree,https://rukminim1.flixcart.com/image/329/395/k7c88sw0/sari/j/z/y/free-ladli-krishna-r-fashion-original-imafphxuxmkutnt8.jpeg?q=50
10,Woven Jamdani Cotton Blend Saree,https://rukminim1.flixcart.com/image/329/395/ktuewsw0/shopsy-sari/9/v/y/free-kumhari-veertejal-unstitched-original-imag73sxxz9dtj3p.jpeg?q=50
11,"Embellished Bollywood Silk Blend, Net Saree",https://rukminim1.flixcart.com/image/329/395/l30hmkw0/sari/v/q/h/free-dhakai-jamdani-lata-reshamdor-sarees-no-blouse-original-image87p2hfjf2kf.jpeg?q=50
12,Embellished Bollywood Lycra Blend Saree,https://rukminim1.flixcart.com/image/329/395/l37mtu80/sari/j/c/e/free-lycra-6-murthirupi-unstitched-original-imagee23buarnagn.jpeg?q=50
13,Printed Daily Wear Georgette Saree,https://rukminim1.flixcart.com/image/329/395/xif0q/sari/d/3/n/free-shailja-pink-krishna-r-fashion-unstitched-original-imagab2kdhyfrjny-bb.jpeg?q=50
14,"Floral Print Bollywood Chiffon, Brasso Saree",https://rukminim1.flixcart.com/image/329/395/kavefm80/sari/d/u/x/free-pack-of-7-1562-1080-1287-1338-1339-1341-1344-kashvi-sarees-original-imafsckeqjxwtdzy.jpeg?q=50
15,Woven Banarasi Jacquard Saree,https://rukminim1.flixcart.com/image/329/395/l5cslu80/sari/o/l/b/free-new2022-partywear-wedding-daily-wear-2022-simple-fancy-original-imaggfxqmba2arvg.jpeg?q=50
16,Woven Banarasi Jacquard Saree,https://rukminim1.flixcart.com/image/329/395/xif0q/sari/j/j/t/free-banarsi-saree-big-fashion-unstitched-original-imagj6z5bqmab5mj.jpeg?q=50
17,Embellished Bollywood Chiffon Saree,https://rukminim1.flixcart.com/image/329/395/xif0q/sari/b/z/n/free-banarsi-saree-big-fashion-unstitched-original-imagj6z5gqefbzxz.jpeg?q=50
18,"Self Design Banarasi Cotton Blend, Pure Silk Saree",https://rukminim1.flixcart.com/image/329/395/k5zn9u80/sari/u/n/t/free-svf1468-3-a-jabali-enterprise-original-imafdfszdcpvcwrp.jpeg?q=50
19,Woven Leheria Chiffon Saree,https://rukminim1.flixcart.com/image/329/395/xif0q/sari/x/u/s/free-banarasi-saree-kalapushpi-unstitched-original-imaggm7gjp5ftzca.jpeg?q=50
20,Self Design Chanderi Art Silk Saree,https://rukminim1.flixcart.com/image/329/395/xif0q/sari/b/g/q/free-lehriya-neelghar-unstitched-original-imagg443s3yuaf4h.jpeg?q=50
21,Embellished Bollywood Georgette Saree,https://rukminim1.flixcart.com/image/329/395/l4rd0280/sari/j/6/n/free-ready-pleated-saree-with-fashionable-mask-matching-mask-520-original-imagfkvvufdmhvfh.jpeg?q=50
22,"Embroidered Bollywood Silk Blend, Art Silk Saree",https://rukminim1.flixcart.com/image/329/395/kksmikw0/sari/z/z/x/free-designer-clemira-unstitched-original-imagy25qcbqgvgwj.jpeg?q=50
23,Embroidered Bollywood Crepe Saree,https://rukminim1.flixcart.com/image/329/395/kjkbv680-0/sari/e/s/t/free-wedding-sarees-vaidehi-fashion-unstitched-original-imafz3zfpjpnrqrn.jpeg?q=50
24,Woven Bollywood Art Silk Saree,https://rukminim1.flixcart.com/image/329/395/k2urhjk0/sari/c/9/d/free-saaho-rama-om-r-fashion-original-imafkr77wxu7eus2.jpeg?q=50
25,"Self Design, Woven, Floral Print Banarasi Cotton Blend ...",https://rukminim1.flixcart.com/image/329/395/l33cia80/sari/d/e/j/free-chand-black-atilaa-fashion-unstitched-original-imageafqqr5ahseg.jpeg?q=50
26,Self Design Chanderi Art Silk Saree,https://rukminim1.flixcart.com/image/329/395/k23m4cw0/sari/w/5/w/free-mor-skyblue-radadiyatrd-original-imafhgqfbfq7fmck.jpeg?q=50
27,Striped Dharmavaram Cotton Silk Saree,https://rukminim1.flixcart.com/image/329/395/l4rd0280/sari/x/g/u/free-ready-pleated-saree-with-fashionable-mask-matching-mask-520-original-imagfkwfky7zwndp.jpeg?q=50
28,Self Design Bollywood Chiffon Saree,https://rukminim1.flixcart.com/image/329/395/kyhlfgw0/sari/e/e/q/free-1694s128-1770s401-1694s127-samah-unstitched-original-imagapezfrmyfsye.jpeg?q=50
29,"Embroidered, Woven Daily Wear Georgette, Chiffon Saree",https://rukminim1.flixcart.com/image/329/395/kc54ivk0/sari/v/a/4/free-n260aw-wine-villagius-unstitched-original-imaftc8tykjgr5uk.jpeg?q=50
30,Printed Daily Wear Georgette Saree,https://rukminim1.flixcart.com/image/329/395/kg5fzww0-0/sari/q/d/x/free-box17f-rhey-unstitched-original-imafwg6kde2crge9.jpeg?q=50
31,Printed Bollywood Chiffon Saree,https://rukminim1.flixcart.com/image/329/395/l3929ow0/sari/s/g/u/free-sds030-sadika-unstitched-original-imageev4hm7sxdbc.jpeg?q=50
32,Embroidered Bollywood Silk Blend Saree,https://rukminim1.flixcart.com/image/329/395/knan98w0/sari/s/v/q/free-vs-507-1-leelavati-unstitched-original-imag2y9vgxpzme3j.jpeg?q=50
33,"Woven Kanjivaram Jacquard, Pure Silk Saree",https://rukminim1.flixcart.com/image/329/395/xif0q/sari/2/r/h/free-box04bn-rhey-unstitched-original-imafssh49zejvhpx-bb.jpeg?q=50
34,Woven Banarasi Jacquard Saree,https://rukminim1.flixcart.com/image/329/395/kx0q4y80/sari/n/u/b/free-vasundhra-rama-s-mrtakshcreation-unstitched-original-imag9khhufc3fwny.jpeg?q=50
35,Woven Banarasi Cotton Silk Saree,https://rukminim1.flixcart.com/image/329/395/l0zm64w0/sari/x/l/p/free-mc-50-rani-kartvya-unstitched-original-imagcnksmzyktamm.jpeg?q=50
36,Floral Print Bollywood Lycra Blend Saree,https://rukminim1.flixcart.com/image/329/395/l52sivk0/sari/l/y/v/free-lfs-51-red-lasfira-unstitched-original-imagftugzb4e5czc.jpeg?q=50
37,"Digital Print, Striped Bollywood Georgette Saree",https://rukminim1.flixcart.com/image/329/395/k5txifk0/sari/p/z/h/free-black-gulab-harlik-pasto-original-imafnvwbdjcbga8w.jpeg?q=50
38,Woven Jamdani Cotton Blend Saree,https://rukminim1.flixcart.com/image/329/395/xif0q/sari/w/5/n/free-pattu-saree-ejoty-fashion-unstitched-original-imag4abzywzyk5ry-bb.jpeg?q=50
39,Color Block Bollywood Georgette Saree,https://rukminim1.flixcart.com/image/329/395/l111lzk0/sari/p/s/3/free-lg-1397-hsfashionhub-unstitched-original-imagczxygwpnte5f.jpeg?q=50
40,Embellished Bollywood Georgette Saree,https://rukminim1.flixcart.com/image/329/395/l30hmkw0/sari/p/o/r/free-dhakai-jamdani-lata-reshamdor-sarees-no-blouse-original-image87kuu9qeyuj.jpeg?q=50
41,Printed Bandhani Georgette Saree,https://rukminim1.flixcart.com/image/329/395/k5y7tzk0/sari/s/f/c/free-vs-198-p-leelavati-original-imafzgnpgcyxbhgw.jpeg?q=50
42,Embellished Bollywood Georgette Saree,https://rukminim1.flixcart.com/image/329/395/k7m8brk0/sari/y/p/q/free-mfs-66-black-mahalaxmi-fashion-unstitched-original-imafpt5nerdsufv8.jpeg?q=50
43,"Printed, Floral Print Daily Wear Georgette Saree",https://rukminim1.flixcart.com/image/329/395/xif0q/shopsy-sari/9/e/q/free-yellowfoil-manibhadra-creation-unstitched-original-imagh3my4sbzufpg.jpeg?q=50
44,Embroidered Bollywood Net Saree,https://rukminim1.flixcart.com/image/329/395/kzygpzk0/sari/a/d/x/free-sequence-clemira-unstitched-original-imagbuq7nththegb.jpeg?q=50
45,Woven Jamdani Cotton Blend Saree,https://rukminim1.flixcart.com/image/329/395/kynb6vk0/sari/0/v/v/free-1955s350-1926s306-1850s178-samah-unstitched-original-imagau5sf2cgch9t.jpeg?q=50
46,Woven Bollywood Jacquard Saree,https://rukminim1.flixcart.com/image/329/395/kasjjww0/sari/v/9/y/free-n-gulzar-coffe-patlani-style-unstitched-original-imafsaakphexech7.jpeg?q=50
47,Printed Bollywood Art Silk Saree,https://rukminim1.flixcart.com/image/329/395/l2z26q80/sari/y/g/t/free-dhakai-jamdani-lata-reshamdor-sarees-no-blouse-original-image72pj73s6z4c.jpeg?q=50
48,Woven Banarasi Jacquard Saree,https://rukminim1.flixcart.com/image/329/395/l1pc3gw0/sari/k/g/q/free-bsp1625-banaras-silk-palace-unstitched-original-imagd7kkk39qhsrw.jpeg?q=50
49,Embellished Bollywood Lycra Blend Saree,https://rukminim1.flixcart.com/image/329/395/k7c88sw0/sari/j/z/y/free-ladli-krishna-r-fashion-original-imafphxuxmkutnt8.jpeg?q=50
50,"Embellished Bollywood Silk Blend, Net Saree",https://rukminim1.flixcart.com/image/329/395/ktuewsw0/shopsy-sari/9/v/y/free-kumhari-veertejal-unstitched-original-imag73sxxz9dtj3p.jpeg?q=50
51,"Floral Print Bollywood Chiffon, Brasso Saree",https://rukminim1.flixcart.com/image/329/395/xif0q/sari/j/j/t/free-banarsi-saree-big-fashion-unstitched-original-imagj6z5bqmab5mj.jpeg?q=50
52,Printed Daily Wear Georgette Saree,https://rukminim1.flixcart.com/image/329/395/xif0q/sari/d/3/n/free-shailja-pink-krishna-r-fashion-unstitched-original-imagab2kdhyfrjny-bb.jpeg?q=50
53,Woven Banarasi Jacquard Saree,https://rukminim1.flixcart.com/image/329/395/l37mtu80/sari/j/c/e/free-lycra-6-murthirupi-unstitched-original-imagee23buarnagn.jpeg?q=50
54,Self Design Chanderi Art Silk Saree,https://rukminim1.flixcart.com/image/329/395/l5cslu80/sari/o/l/b/free-new2022-partywear-wedding-daily-wear-2022-simple-fancy-original-imaggfxqmba2arvg.jpeg?q=50
55,Embroidered Bollywood Crepe Saree,https://rukminim1.flixcart.com/image/329/395/kavefm80/sari/d/u/x/free-pack-of-7-1562-1080-1287-1338-1339-1341-1344-kashvi-sarees-original-imafsckeqjxwtdzy.jpeg?q=50
56,Embellished Bollywood Georgette Saree,https://rukminim1.flixcart.com/image/329/395/xif0q/sari/b/z/n/free-banarsi-saree-big-fashion-unstitched-original-imagj6z5gqefbzxz.jpeg?q=50
57,"Self Design, Woven, Floral Print Banarasi Cotton Blend ...",https://rukminim1.flixcart.com/image/329/395/l4rd0280/sari/j/6/n/free-ready-pleated-saree-with-fashionable-mask-matching-mask-520-original-imagfkvvufdmhvfh.jpeg?q=50
58,Self Design Chanderi Art Silk Saree,https://rukminim1.flixcart.com/image/329/395/k2urhjk0/sari/c/9/d/free-saaho-rama-om-r-fashion-original-imafkr77wxu7eus2.jpeg?q=50
59,Embellished Bollywood Chiffon Saree,https://rukminim1.flixcart.com/image/329/395/kksmikw0/sari/z/z/x/free-designer-clemira-unstitched-original-imagy25qcbqgvgwj.jpeg?q=50
60,"Self Design Banarasi Cotton Blend, Pure Silk Saree",https://rukminim1.flixcart.com/image/329/395/k23m4cw0/sari/w/5/w/free-mor-skyblue-radadiyatrd-original-imafhgqfbfq7fmck.jpeg?q=50
61,"Embroidered Bollywood Silk Blend, Art Silk Saree",https://rukminim1.flixcart.com/image/329/395/l4rd0280/sari/x/g/u/free-ready-pleated-saree-with-fashionable-mask-matching-mask-520-original-imagfkwfky7zwndp.jpeg?q=50
62,"Woven Banarasi Silk Blend, Jacquard Saree",https://rukminim1.flixcart.com/image/329/395/k5zn9u80/sari/u/n/t/free-svf1468-3-a-jabali-enterprise-original-imafdfszdcpvcwrp.jpeg?q=50
63,"Embroidered, Woven Daily Wear Georgette, Chiffon Saree",https://rukminim1.flixcart.com/image/329/395/xif0q/sari/x/u/s/free-banarasi-saree-kalapushpi-unstitched-original-imaggm7gjp5ftzca.jpeg?q=50
64,Woven Bollywood Art Silk Saree,https://rukminim1.flixcart.com/image/329/395/kjkbv680-0/sari/e/s/t/free-wedding-sarees-vaidehi-fashion-unstitched-original-imafz3zfpjpnrqrn.jpeg?q=50
65,Striped Dharmavaram Cotton Silk Saree,https://rukminim1.flixcart.com/image/329/395/kyhlfgw0/sari/e/e/q/free-1694s128-1770s401-1694s127-samah-unstitched-original-imagapezfrmyfsye.jpeg?q=50
66,Self Design Bollywood Chiffon Saree,https://rukminim1.flixcart.com/image/329/395/jydaqa80/sari/m/g/p/free-jecard-flower-black1-radadiyatrd-original-imafgmzhh3gcfpqx.jpeg?q=50
67,"Embroidered, Woven Daily Wear Georgette, Chiffon Saree",https://rukminim1.flixcart.com/image/329/395/l3929ow0/sari/s/g/u/free-sds030-sadika-unstitched-original-imageev4hm7sxdbc.jpeg?q=50
68,Printed Daily Wear Georgette Saree,https://rukminim1.flixcart.com/image/329/395/l33cia80/sari/d/e/j/free-chand-black-atilaa-fashion-unstitched-original-imageafqqr5ahseg.jpeg?q=50
69,Printed Bollywood Chiffon Saree,https://rukminim1.flixcart.com/image/329/395/kc54ivk0/sari/v/a/4/free-n260aw-wine-villagius-unstitched-original-imaftc8tykjgr5uk.jpeg?q=50
70,Floral Print Bollywood Lycra Blend Saree,https://rukminim1.flixcart.com/image/329/395/kg5fzww0-0/sari/q/d/x/free-box17f-rhey-unstitched-original-imafwg6kde2crge9.jpeg?q=50
71,"Woven Kanjivaram Jacquard, Pure Silk Saree",https://rukminim1.flixcart.com/image/329/395/l0wrafk0/sari/u/f/q/free-sds0030-sadika-unstitched-original-imagchc7yed9ugsr.jpeg?q=50
72,Woven Banarasi Jacquard Saree,https://rukminim1.flixcart.com/image/329/395/knan98w0/sari/s/v/q/free-vs-507-1-leelavati-unstitched-original-imag2y9vgxpzme3j.jpeg?q=50
73,Woven Banarasi Cotton Silk Saree,https://rukminim1.flixcart.com/image/329/395/xif0q/sari/2/r/h/free-box04bn-rhey-unstitched-original-imafssh49zejvhpx-bb.jpeg?q=50
74,Embroidered Bollywood Silk Blend Saree,https://rukminim1.flixcart.com/image/329/395/xif0q/sari/w/5/n/free-pattu-saree-ejoty-fashion-unstitched-original-imag4abzywzyk5ry-bb.jpeg?q=50
75,Printed Bollywood Lycra Blend Saree,https://rukminim1.flixcart.com/image/329/395/l0zm64w0/sari/x/l/p/free-mc-50-rani-kartvya-unstitched-original-imagcnksmzyktamm.jpeg?q=50
76,Color Block Bollywood Georgette Saree,https://rukminim1.flixcart.com/image/329/395/l52sivk0/sari/l/y/v/free-lfs-51-red-lasfira-unstitched-original-imagftugzb4e5czc.jpeg?q=50
77,Woven Jamdani Cotton Blend Saree,https://rukminim1.flixcart.com/image/329/395/k5txifk0/sari/p/z/h/free-black-gulab-harlik-pasto-original-imafnvwbdjcbga8w.jpeg?q=50
78,Embellished Bollywood Georgette Saree,https://rukminim1.flixcart.com/image/329/395/kx0q4y80/sari/n/u/b/free-vasundhra-rama-s-mrtakshcreation-unstitched-original-imag9khhufc3fwny.jpeg?q=50
79,Printed Bandhani Georgette Saree,https://rukminim1.flixcart.com/image/329/395/xif0q/sari/o/y/c/free-hitesh2series-fumvel-unstitched-original-imafwypg4fwky3a7-bb.jpeg?q=50
80,Embellished Bollywood Georgette Saree,https://rukminim1.flixcart.com/image/329/395/k5y7tzk0/sari/s/f/c/free-vs-198-p-leelavati-original-imafzgnpgcyxbhgw.jpeg?q=50
81,"Printed, Floral Print Daily Wear Georgette Saree",https://rukminim1.flixcart.com/image/329/395/l30hmkw0/sari/p/o/r/free-dhakai-jamdani-lata-reshamdor-sarees-no-blouse-original-image87kuu9qeyuj.jpeg?q=50
82,Embroidered Bollywood Net Saree,https://rukminim1.flixcart.com/image/329/395/k7m8brk0/sari/y/p/q/free-mfs-66-black-mahalaxmi-fashion-unstitched-original-imafpt5nerdsufv8.jpeg?q=50
83,"Embroidered Bollywood Net, Art Silk Saree",https://rukminim1.flixcart.com/image/329/395/xif0q/shopsy-sari/9/e/q/free-yellowfoil-manibhadra-creation-unstitched-original-imagh3my4sbzufpg.jpeg?q=50
84,Woven Bollywood Jacquard Saree,https://rukminim1.flixcart.com/image/329/395/kzygpzk0/sari/a/d/x/free-sequence-clemira-unstitched-original-imagbuq7nththegb.jpeg?q=50
85,Woven Bollywood Crepe Saree,https://rukminim1.flixcart.com/image/329/395/kynb6vk0/sari/0/v/v/free-1955s350-1926s306-1850s178-samah-unstitched-original-imagau5sf2cgch9t.jpeg?q=50
86,Printed Bollywood Art Silk Saree,https://rukminim1.flixcart.com/image/329/395/kasjjww0/sari/v/9/y/free-n-gulzar-coffe-patlani-style-unstitched-original-imafsaakphexech7.jpeg?q=50
87,Embellished Bollywood Lycra Blend Saree,https://rukminim1.flixcart.com/image/329/395/ksez24w0/sari/i/k/c/free-embroidery-sari-3-momina-fashion-unstitched-original-imag5zkypcfknxvv.jpeg?q=50
88,"Embellished Bollywood Silk Blend, Net Saree",https://rukminim1.flixcart.com/image/329/395/l1pc3gw0/sari/k/g/q/free-bsp1625-banaras-silk-palace-unstitched-original-imagd7kkk39qhsrw.jpeg?q=50
89,"Floral Print Bollywood Chiffon, Brasso Saree",https://rukminim1.flixcart.com/image/329/395/k7c88sw0/sari/j/z/y/free-ladli-krishna-r-fashion-original-imafphxuxmkutnt8.jpeg?q=50
90,Printed Daily Wear Georgette Saree,https://rukminim1.flixcart.com/image/329/395/xif0q/sari/y/r/q/free-lehriya-neelghar-unstitched-original-imagj2q8emfgyagz.jpeg?q=50
91,Woven Jamdani Cotton Blend Saree,https://rukminim1.flixcart.com/image/329/395/ktuewsw0/shopsy-sari/9/v/y/free-kumhari-veertejal-unstitched-original-imag73sxxz9dtj3p.jpeg?q=50
92,Woven Banarasi Jacquard Saree,https://rukminim1.flixcart.com/image/329/395/xif0q/sari/d/3/n/free-shailja-pink-krishna-r-fashion-unstitched-original-imagab2kdhyfrjny-bb.jpeg?q=50
93,Embroidered Bollywood Crepe Saree,https://rukminim1.flixcart.com/image/329/395/l37mtu80/sari/j/c/e/free-lycra-6-murthirupi-unstitched-original-imagee23buarnagn.jpeg?q=50
94,Embellished Bollywood Georgette Saree,https://rukminim1.flixcart.com/image/329/395/l5cslu80/sari/o/l/b/free-new2022-partywear-wedding-daily-wear-2022-simple-fancy-original-imaggfxqmba2arvg.jpeg?q=50
95,Woven Banarasi Jacquard Saree,https://rukminim1.flixcart.com/image/329/395/kavefm80/sari/d/u/x/free-pack-of-7-1562-1080-1287-1338-1339-1341-1344-kashvi-sarees-original-imafsckeqjxwtdzy.jpeg?q=50
96,Dyed Daily Wear Crepe Saree,https://rukminim1.flixcart.com/image/329/395/l30hmkw0/sari/v/q/h/free-dhakai-jamdani-lata-reshamdor-sarees-no-blouse-original-image87p2hfjf2kf.jpeg?q=50
97,Embellished Bollywood Chiffon Saree,https://rukminim1.flixcart.com/image/329/395/xif0q/sari/j/j/t/free-banarsi-saree-big-fashion-unstitched-original-imagj6z5bqmab5mj.jpeg?q=50
98,"Self Design Banarasi Cotton Blend, Pure Silk Saree",https://rukminim1.flixcart.com/image/329/395/k2urhjk0/sari/c/9/d/free-saaho-rama-om-r-fashion-original-imafkr77wxu7eus2.jpeg?q=50
99,"Embroidered Bollywood Silk Blend, Art Silk Saree",https://rukminim1.flixcart.com/image/329/395/kksmikw0/sari/z/z/x/free-designer-clemira-unstitched-original-imagy25qcbqgvgwj.jpeg?q=50
100,Men's Relaxed Stretchable Jeans,https://m.media-amazon.com/images/I/81KUvUlSRiL._AC_UL320_.jpg
101,Men's Slim Jeans,https://m.media-amazon.com/images/I/81p-B+-Y-WL._AC_UL320_.jpg
102,ALI BROTHERS- Men's Relaxed Jeans,https://m.media-amazon.com/images/I/41R0oImWN4L._AC_UL320_.jpg
103,Men's Skinny Jeans,https://m.media-amazon.com/images/I/710e5ITCXsL._AC_UL320_.jpg
104,Men's Slim Fit Casual Shirt,https://m.media-amazon.com/images/I/81eolgMxJZL._AC_UL320_.jpg
105,Men's Skinny Jeans (INK-SB-CL-SK-205_Grey wash-1_30),https://m.media-amazon.com/images/I/81Khlops9SL._AC_UL320_.jpg
106,Men's Slim Fit Jeans (AD-SL-206_Ice Blue wash_32),https://m.media-amazon.com/images/I/71vnemyYCOL._AC_UL320_.jpg
107,Men's Denim Slim Fit Strechable Jeans,https://m.media-amazon.com/images/I/61hGDv2ySUL._AC_UL320_.jpg
108,Men Jeans,https://m.media-amazon.com/images/I/81SCZtFJCSL._AC_UL320_.jpg
109,Men Jeans,https://m.media-amazon.com/images/I/81hTrsql4uL._AC_UL320_.jpg
110,Men's Skinny Stretchable Jeans (SS22-SY-SK-509_Dark Blue1_38),https://m.media-amazon.com/images/I/81Iq6bVmKrL._AC_UL320_.jpg
111,Men Jeans,https://m.media-amazon.com/images/I/81h1znp+mML._AC_UL320_.jpg
112,Men Jeans,https://m.media-amazon.com/images/I/81gCT62R+cL._AC_UL320_.jpg
113,Men's Slim Jeans,https://m.media-amazon.com/images/I/716d7h9Z7HL._AC_UL320_.jpg
114,Men's Regular Fit Woven Shorts,https://m.media-amazon.com/images/I/81wV+cPlxcL._AC_UL320_.jpg
115,Men Jacket,https://m.media-amazon.com/images/I/71KdHb71TqL._AC_UL320_.jpg
116,"Men's Regular Polo T-Shirt (INK-SS22-TSH-15_Grass Green,Faith XL)",https://m.media-amazon.com/images/I/91Dk55YxFCL._AC_UL320_.jpg
117,Men Ankle Socks,https://m.media-amazon.com/images/I/91ybmAT2l4L._AC_UL320_.jpg
118,Men Jeans,https://m.media-amazon.com/images/I/717wh-qyfVL._AC_UL320_.jpg
119,Men Hooded Sweatshirt,https://m.media-amazon.com/images/I/81oP04a4C6L._AC_UL320_.jpg
120,Men Hooded Sweatshirt,https://m.media-amazon.com/images/I/81uWKlwAxVL._AC_UL320_.jpg
121,Men's Slim Stretchable Jeans,https://m.media-amazon.com/images/I/715fS5LLS+L._AC_UL320_.jpg
122,Men Jeans,https://m.media-amazon.com/images/I/81QWn4i3XcL._AC_UL320_.jpg
123,Men's Slim Fit Stretchable Jeans,https://m.media-amazon.com/images/I/81ASupqCFBL._AC_UL320_.jpg
124,Men's Regular Jeans (SS20-NS-SY-RS01_Medium Blue_34),https://m.media-amazon.com/images/I/811RZ227uZL._AC_UL320_.jpg
125,Men's Slim Jeans (S2-SY-CR-20_Black 5_38),https://m.media-amazon.com/images/I/71KKC3NqNkL._AC_UL320_.jpg
126,Men Shirt,https://m.media-amazon.com/images/I/71Yrfx+7OdL._AC_UL320_.jpg
127,Men's Regular Fit T-Shirt,https://m.media-amazon.com/images/I/81IbwdUa7mL._AC_UL320_.jpg
128,Men's Skinny Stretchable Jeans (SS22-SY-SK-507_Mid Blue_28),https://m.media-amazon.com/images/I/81hTrsql4uL._AC_UL320_.jpg
129,Men's Skinny Stretchable Jeans (SS22-SY-SK-509_Dark Blue1_34),https://m.media-amazon.com/images/I/91sSepgl1GL._AC_UL320_.jpg
130,Men Shirt,https://m.media-amazon.com/images/I/716d7h9Z7HL._AC_UL320_.jpg
131,Men's Regular Fit,https://m.media-amazon.com/images/I/71yNPx-np2L._AC_UL320_.jpg
132,Men Casual Shorts,https://m.media-amazon.com/images/I/91evwWwbnvL._AC_UL320_.jpg
133,Men's Slim Shirt,https://m.media-amazon.com/images/I/71znjX6JJkL._AC_UL320_.jpg
134,Men Shirt,https://m.media-amazon.com/images/I/81eEVa-zFcL._AC_UL320_.jpg
135,Men's Regular Jeans (SY-NS-EP-RN-002D_Grey-10_34),https://m.media-amazon.com/images/I/71Gz7e6WoUL._AC_UL320_.jpg
136,Men's Quilted,https://m.media-amazon.com/images/I/814RYvfl3jL._AC_UL320_.jpg
137,Men's Slim Jeans (SS20-NS-SY-SL01_Grey_28),https://m.media-amazon.com/images/I/81Oh-6zed3L._AC_UL320_.jpg
138,Men's Cotton Baseball Collar Jacket,https://m.media-amazon.com/images/I/81zGNfc6HSL._AC_UL320_.jpg
139,Men's Skinny Jeans (INK-SB-CL-SK-214_Blue-6_30),https://m.media-amazon.com/images/I/71zvAjdOgAL._AC_UL320_.jpg
140,Men's Skinny Stretchable Jeans (SS22-SY-SK-501_Mid Grey_28),https://m.media-amazon.com/images/I/81eEVa-zFcL._AC_UL320_.jpg
141,Men's Regular Jeans (SY-NS-EP-RN-002D_Grey-10_28),https://m.media-amazon.com/images/I/815lNnYQRfL._AC_UL320_.jpg
142,Men Sweatshirt,https://m.media-amazon.com/images/I/71d0iBK2xZL._AC_UL320_.jpg
143,Men Casual Shorts,https://m.media-amazon.com/images/I/718BpQc4G7L._AC_UL320_.jpg
144,Men's Skinny Jeans (SY-SB-CL-SK-216_Dark Grey-3_28),https://m.media-amazon.com/images/I/81ZWSpJy1OL._AC_UL320_.jpg
145,Men's Skinny Jeans (SY-SB-CL-SK-210_Blue DS-2_38),https://m.media-amazon.com/images/I/61lmmrssx1L._AC_UL320_.jpg
146,Men Jeans,https://m.media-amazon.com/images/I/71vnemyYCOL._AC_UL320_.jpg
147,Men's Slim Fit Jeans (AD-SL-206_Ice Blue wash_28),https://m.media-amazon.com/images/I/712kD+wpHaL._AC_UL320_.jpg
148,Men's Relaxed Fit Jeans (SS20-NS-SY-RS01_Indigo_28W x 32L),https://m.media-amazon.com/images/I/81GoDjV63QS._AC_UL320_.jpg
149,Men Stretchable Jeans,https://m.media-amazon.com/images/I/81eEVa-zFcL._AC_UL320_.jpg
150,Men's Regular Jeans (SY-NS-EP-RN-002D_Grey-10_32),https://m.media-amazon.com/images/I/81MupNtRo5L._AC_UL320_.jpg
151,Men's Relaxed Stretchable Jeans,https://m.media-amazon.com/images/I/61kl59sJeXL._AC_UL320_.jpg
152,Men Jeans,https://m.media-amazon.com/images/I/71YnTwnNw2L._AC_UL320_.jpg
153,Men's Relaxed Fit Jeans (SS20-NS-SY-RS01_Indigo_34W x 32L),https://m.media-amazon.com/images/I/710EjpO1+XL._AC_UL320_.jpg
154,Men Casual Shirt,https://m.media-amazon.com/images/I/81MTn00T6QS._AC_UL320_.jpg
155,Men's Slim Fit Jeans,https://m.media-amazon.com/images/I/81uwa1qx2aL._AC_UL320_.jpg
156,Men's Slim Fit,https://m.media-amazon.com/images/I/81oHO4dIIJL._AC_UL320_.jpg
157,Men's Slim Jeans (SS20-NS-SY-SL01_Medium Blue_30W x 32L),https://m.media-amazon.com/images/I/71Xn+FMKg6L._AC_UL320_.jpg
158,Men Stretchable Jeans,https://m.media-amazon.com/images/I/81ZVu9dy4DL._AC_UL320_.jpg
159,Men Stretchable Jeans,https://m.media-amazon.com/images/I/81MupNtRo5L._AC_UL320_.jpg
160,Men's Relaxed Stretchable Jeans,https://m.media-amazon.com/images/I/81bgzalgGsL._AC_UL320_.jpg
161,Men's Slim Fit Stretchable Jeans,https://m.media-amazon.com/images/I/81KUvUlSRiL._AC_UL320_.jpg
162,Men's Skinny Jeans,https://m.media-amazon.com/images/I/8100TwLC54L._AC_UL320_.jpg
163,Men's Relaxed Stretchable Jeans,https://m.media-amazon.com/images/I/81-7Dw-FKGL._AC_UL320_.jpg
164,Men Stretchable Jeans,https://m.media-amazon.com/images/I/81eolgMxJZL._AC_UL320_.jpg
165,Men's Regular Jeans,https://m.media-amazon.com/images/I/81Khlops9SL._AC_UL320_.jpg
166,Men's Slim Fit Casual Shirt,https://m.media-amazon.com/images/I/71vnemyYCOL._AC_UL320_.jpg
167,Men's Skinny Jeans (INK-SB-CL-SK-205_Grey wash-1_30),https://m.media-amazon.com/images/I/61hGDv2ySUL._AC_UL320_.jpg
168,Men's Slim Fit Jeans (AD-SL-206_Ice Blue wash_32),https://m.media-amazon.com/images/I/81SCZtFJCSL._AC_UL320_.jpg
169,Men Shirt,https://m.media-amazon.com/images/I/81hTrsql4uL._AC_UL320_.jpg
170,Men Jeans,https://m.media-amazon.com/images/I/81Iq6bVmKrL._AC_UL320_.jpg
171,Men Jeans,https://m.media-amazon.com/images/I/81h1znp+mML._AC_UL320_.jpg
172,Men's Skinny Stretchable Jeans (SS22-SY-SK-509_Dark Blue1_38),https://m.media-amazon.com/images/I/81gCT62R+cL._AC_UL320_.jpg
173,Men Jeans,https://m.media-amazon.com/images/I/716d7h9Z7HL._AC_UL320_.jpg
174,Men Jeans,https://m.media-amazon.com/images/I/81wV+cPlxcL._AC_UL320_.jpg
175,Men's Slim Jeans,https://m.media-amazon.com/images/I/71KdHb71TqL._AC_UL320_.jpg
176,Men's Regular Fit Woven Shorts,https://m.media-amazon.com/images/I/91Dk55YxFCL._AC_UL320_.jpg
177,Men Jacket,https://m.media-amazon.com/images/I/91ybmAT2l4L._AC_UL320_.jpg
178,"Men's Regular Polo T-Shirt (INK-SS22-TSH-15_Grass Green,Faith XL)",https://m.media-amazon.com/images/I/717wh-qyfVL._AC_UL320_.jpg
179,Men Ankle Socks,https://m.media-amazon.com/images/I/81oP04a4C6L._AC_UL320_.jpg
180,Men Jeans,https://m.media-amazon.com/images/I/810pr2d5JfL._AC_UL320_.jpg
181,Men Hooded Sweatshirt,https://m.media-amazon.com/images/I/81A+RQ9pjsL._AC_UL320_.jpg
182,Men Hooded Sweatshirt,https://m.media-amazon.com/images/I/81uWKlwAxVL._AC_UL320_.jpg
183,Men Jeans,https://m.media-amazon.com/images/I/81QWn4i3XcL._AC_UL320_.jpg
184,Men Stretchable Jeans,https://m.media-amazon.com/images/I/811RZ227uZL._AC_UL320_.jpg
185,Men's Slim Stretchable Jeans,https://m.media-amazon.com/images/I/71KKC3NqNkL._AC_UL320_.jpg
186,Men's Slim Fit Stretchable Jeans,https://m.media-amazon.com/images/I/71Yrfx+7OdL._AC_UL320_.jpg
187,Men's Slim Jeans (S2-SY-CR-20_Black 5_38),https://m.media-amazon.com/images/I/81IbwdUa7mL._AC_UL320_.jpg
188,Men Shirt,https://m.media-amazon.com/images/I/81hTrsql4uL._AC_UL320_.jpg
189,Men's Regular Fit T-Shirt,https://m.media-amazon.com/images/I/91sSepgl1GL._AC_UL320_.jpg
190,Men's Skinny Stretchable Jeans (SS22-SY-SK-507_Mid Blue_28),https://m.media-amazon.com/images/I/716d7h9Z7HL._AC_UL320_.jpg
191,Men's Skinny Stretchable Jeans (SS22-SY-SK-509_Dark Blue1_34),https://m.media-amazon.com/images/I/71yNPx-np2L._AC_UL320_.jpg
192,Men Shirt,https://m.media-amazon.com/images/I/91evwWwbnvL._AC_UL320_.jpg
193,Men's Regular Fit,https://m.media-amazon.com/images/I/71znjX6JJkL._AC_UL320_.jpg
194,Men Casual Shorts,https://m.media-amazon.com/images/I/81eEVa-zFcL._AC_UL320_.jpg
195,Men's Slim Shirt,https://m.media-amazon.com/images/I/71Gz7e6WoUL._AC_UL320_.jpg
196,Men Shirt,https://m.media-amazon.com/images/I/814RYvfl3jL._AC_UL320_.jpg
197,Men's Regular Jeans (SY-NS-EP-RN-002D_Grey-10_34),https://m.media-amazon.com/images/I/81Oh-6zed3L._AC_UL320_.jpg
198,Men's Quilted,https://m.media-amazon.com/images/I/81zGNfc6HSL._AC_UL320_.jpg
199,Men's Slim Jeans (SS20-NS-SY-SL01_Grey_28),https://m.media-amazon.com/images/I/71zvAjdOgAL._AC_UL320_.jpg
200,Men's Slim Fit Formal Trousers,https://m.media-amazon.com/images/I/717-WaIUi9L._AC_UL320_.jpg
201,Men's Solid Formal Regular Fit Wrinkle Free PolyViscose Trousers,https://m.media-amazon.com/images/I/61yRUBQInKL._AC_UL320_.jpg
202,"Solid Cotton Men's Casual Trouser, Tapered Fit, Mid Rise, Ankle Length Chinos Trousers Pant for Men",https://m.media-amazon.com/images/I/51cgth6RW8L._AC_UL320_.jpg
203,"Mens' Regular Fit PolyViscose Checkered Formal Trousers, Trousers",https://m.media-amazon.com/images/I/81V+cLWewjL._AC_UL320_.jpg
204,Men Formal Trousers,https://m.media-amazon.com/images/I/71ntY4IbOIL._AC_UL320_.jpg
205,Men's Casual Trouser (Lycra_Cream_120_EE) - Cream,https://m.media-amazon.com/images/I/61Gen1ZJhtL._AC_UL320_.jpg
206,Checks Polyester Viscose Skinny Fit Mens Trousers (S211113-FSADWH-P),https://m.media-amazon.com/images/I/51BFtZl3JsL._AC_UL320_.jpg
207,Men's Regular Fit Formal Trousers,https://m.media-amazon.com/images/I/51Y0bwnw+tL._AC_UL320_.jpg
208,by Shoppers Stop Checks Cotton Stretch Slim Fit Mens Trousers,https://m.media-amazon.com/images/I/91CBw6h-7NL._AC_UL320_.jpg
209,Men Casual Trousers,https://m.media-amazon.com/images/I/51+5cc6noWL._AC_UL320_.jpg
210,Men's Slim Fit Cotton Trouser,https://m.media-amazon.com/images/I/61qr7dODG9L._AC_UL320_.jpg
211,Men Men Mid Rise Solid Casual Trousers,https://m.media-amazon.com/images/I/51m3B5MPqfL._AC_UL320_.jpg
212,Mens 4 Pocket Solid Trousers (Khaki_38),https://m.media-amazon.com/images/I/61pPviAihnL._AC_UL320_.jpg
213,Men's Slim FIT Formal Trousers Pants,https://m.media-amazon.com/images/I/81L44NIwgSL._AC_UL320_.jpg
214,Mens 4 Pocket Slub Formal Trousers,https://m.media-amazon.com/images/I/41oKRk4yOmL._AC_UL320_.jpg
215,Textured Cotton Super Slim Fit Mens Trousers (A21BB36A2IA21FM-P),https://m.media-amazon.com/images/I/41EAxJOEv3L._AC_UL320_.jpg
216,by Shoppers Mens Solid Cotton Fit Trousers,https://m.media-amazon.com/images/I/71lmKQ7MjmL._AC_UL320_.jpg
217,Men's Relaxed Fit Formal Trousers,https://m.media-amazon.com/images/I/51HrAmNrl4L._AC_UL320_.jpg
218,Men's Regular Fit Cotton Blend Trouser,https://m.media-amazon.com/images/I/31QKLTnkfOL._AC_UL320_.jpg
219,Men's Reguler Fit Poly Cotton Trouser Pant's Formal Trouser Casual Trouser Pant,https://m.media-amazon.com/images/I/51lXWvOLVAL._AC_UL320_.jpg
220,by Shoppers Solid Polyester Viscose Stretch Slim Fit Mens Trousers (S21FTASST3BL-P),https://m.media-amazon.com/images/I/61rrzkGtpSL._AC_UL320_.jpg
221,Formal Trousers for Men,https://m.media-amazon.com/images/I/81tyskwGPdL._AC_UL320_.jpg
222,Men's Slim Dress Pants,https://m.media-amazon.com/images/I/61mUFLL5CKL._AC_UL320_.jpg
223,Men's self Design Formal Trousers for Men,https://m.media-amazon.com/images/I/71vWjjmZ1OL._AC_UL320_.jpg
224,Men's Slim Formal Trouser,https://m.media-amazon.com/images/I/71+qQvvhAbL._AC_UL320_.jpg
225,Men's PLEATLESS Slim FIT Dark Brown Formal Trouser,https://m.media-amazon.com/images/I/61KAF9wYveL._AC_UL320_.jpg
226,Ganpati Sulz Men's Regular Formal Trousers,https://m.media-amazon.com/images/I/61YNrh5hLaL._AC_UL320_.jpg
227,Men's Regular Fit Cotton Blend Trousers,https://m.media-amazon.com/images/I/81IiDIgOavL._AC_UL320_.jpg
228,Men's Casual Solid Lycra Trouser for Men & Boys|Men's Casual Trouser,https://m.media-amazon.com/images/I/51mj2frXx-L._AC_UL320_.jpg
229,Men's Slim Fit Cream Trouser,https://m.media-amazon.com/images/I/51I2saM6i+L._AC_UL320_.jpg
230,Solid Cotton Stretch Slim Fit Mens Trousers,https://m.media-amazon.com/images/I/81QoWdCY+xL._AC_UL320_.jpg
231,Slim Men's PLEATLESS Smart FIT Medium Khaki Formal Trouser,https://m.media-amazon.com/images/I/61Ahv4FNbIL._AC_UL320_.jpg
232,Men's Regular Fit Formal Trousers (219_BALENO_STEELGREY_XX44_Grey_44),https://m.media-amazon.com/images/I/61v7bZHdbSL._AC_UL320_.jpg
233,Light Weight Men's Pant in Strechable Fabric,https://m.media-amazon.com/images/I/81PHXZa3-LL._AC_UL320_.jpg
234,Men Formal Trouser,https://m.media-amazon.com/images/I/51bjcJEXOdS._AC_UL320_.jpg
235,Air Blue Casuale Khakis,https://m.media-amazon.com/images/I/51qKqBo+fmL._AC_UL320_.jpg
236,Men Grey Denver Slim Fit Solid Casual Trousers,https://m.media-amazon.com/images/I/51cMIi9x7aL._AC_UL320_.jpg
237,Plus (Since 1958) Men's Cotton Blend Solid Trousers,https://m.media-amazon.com/images/I/51SCclB9FAL._AC_UL320_.jpg
238,Men's Slim Fit Trousers (V0502BA002CamelKhaki),https://m.media-amazon.com/images/I/81CPHRnh5hL._AC_UL320_.jpg
239,Men's Slim Casual Pants,https://m.media-amazon.com/images/I/41WUwPYeKYL._AC_UL320_.jpg
240,Solid Polyester Viscose Stretch Slim Fit Men's Trousers,https://m.media-amazon.com/images/I/61poyeAsYxL._AC_UL320_.jpg
241,Solid Men's Formal Pleated Front Trouser Regular fit Cotton Blend Gents Pants for Office interviews from Size 28 to 44,https://m.media-amazon.com/images/I/512phz9FBlL._AC_UL320_.jpg
242,Men's Slim Casual Pants,https://m.media-amazon.com/images/I/51byYKgr2lL._AC_UL320_.jpg
243,Men's Slim Fit Trousers (Atlanta_Satin_GRENISH Brown_44),https://m.media-amazon.com/images/I/71OPlt5KBFL._AC_UL320_.jpg
244,Men Casual Pants,https://m.media-amazon.com/images/I/61euIulaBCL._AC_UL320_.jpg
245,Grey Trousers,https://m.media-amazon.com/images/I/91a9nyCI9IL._AC_UL320_.jpg
246,Men's Formal Trousers,https://m.media-amazon.com/images/I/61WyD+al28L._AC_UL320_.jpg
247,Men's Casual Lycra Pants - Regular Trouser - Stretchable Less Weight - Lycra Pants - for Men's,https://m.media-amazon.com/images/I/61q2Nw6YnhL._AC_UL320_.jpg
248,Men Casual Pants,https://m.media-amazon.com/images/I/71K2xhConcL._AC_UL320_.jpg
249,Men's Regular Fit Trouser (Pack of 2),https://m.media-amazon.com/images/I/61P-l7YC+DL._AC_UL320_.jpg
250,Grey Formal Trousers,https://m.media-amazon.com/images/I/710RS0FdE0L._AC_UL320_.jpg
251,Men's Slim Formal Trousers,https://m.media-amazon.com/images/I/61E+3B4RhPL._AC_UL320_.jpg
252,Slim Fit Formal Trouser for Men - Polyester Viscose Formal Pants for Gents - Work Utility Formal Pants for Men,https://m.media-amazon.com/images/I/61GbKq6-NgL._AC_UL320_.jpg
253,Men Casual Pants,https://m.media-amazon.com/images/I/71FAjX-7WML._AC_UL320_.jpg
254,Men's Regular Trouser,https://m.media-amazon.com/images/I/71dYcowqUXL._AC_UL320_.jpg
255,Men's Regular Trouser,https://m.media-amazon.com/images/I/71Ro8A8BhZL._AC_UL320_.jpg
256,Dark Fawn Trouser,https://m.media-amazon.com/images/I/51lxof4DxSL._AC_UL320_.jpg
257,self Structured Formal Trousers for Men,https://m.media-amazon.com/images/I/71o4-mxo2bL._AC_UL320_.jpg
258,Men's Straight Casual Trousers,https://m.media-amazon.com/images/I/81YU0raYenL._AC_UL320_.jpg
259,Men's Regular Lounge Pants,https://m.media-amazon.com/images/I/71GhP2AZMbL._AC_UL320_.jpg
260,Cotton - Textured Stretchable Trousers for Men,https://m.media-amazon.com/images/I/71ntY4IbOIL._AC_UL320_.jpg
261,self Structured Formal Trousers for Men,https://m.media-amazon.com/images/I/61Gen1ZJhtL._AC_UL320_.jpg
262,Men Formal Trousers,https://m.media-amazon.com/images/I/51BFtZl3JsL._AC_UL320_.jpg
263,Men's Casual Trouser (Lycra_Cream_120_EE) - Cream,https://m.media-amazon.com/images/I/51Y0bwnw+tL._AC_UL320_.jpg
264,Checks Polyester Viscose Skinny Fit Mens Trousers (S211113-FSADWH-P),https://m.media-amazon.com/images/I/91CBw6h-7NL._AC_UL320_.jpg
265,"Vandnam Slim Fit Polycotton Formal Trouser, Formal Pant For Men",https://m.media-amazon.com/images/I/51+5cc6noWL._AC_UL320_.jpg
266,by Shoppers Stop Checks Cotton Stretch Slim Fit Mens Trousers,https://m.media-amazon.com/images/I/61qr7dODG9L._AC_UL320_.jpg
267,Men Casual Trousers,https://m.media-amazon.com/images/I/51m3B5MPqfL._AC_UL320_.jpg
268,Men's Slim Fit Cotton Trouser,https://m.media-amazon.com/images/I/61pPviAihnL._AC_UL320_.jpg
269,Men Men Mid Rise Solid Casual Trousers,https://m.media-amazon.com/images/I/81L44NIwgSL._AC_UL320_.jpg
270,Mens 4 Pocket Solid Trousers (Khaki_38),https://m.media-amazon.com/images/I/41oKRk4yOmL._AC_UL320_.jpg
271,Men's Slim FIT Formal Trousers Pants,https://m.media-amazon.com/images/I/41EAxJOEv3L._AC_UL320_.jpg
272,Mens 4 Pocket Slub Formal Trousers,https://m.media-amazon.com/images/I/71lmKQ7MjmL._AC_UL320_.jpg
273,Textured Cotton Super Slim Fit Mens Trousers (A21BB36A2IA21FM-P),https://m.media-amazon.com/images/I/51HrAmNrl4L._AC_UL320_.jpg
274,by Shoppers Mens Solid Cotton Fit Trousers,https://m.media-amazon.com/images/I/31QKLTnkfOL._AC_UL320_.jpg
275,Men's Relaxed Fit Formal Trousers,https://m.media-amazon.com/images/I/51lXWvOLVAL._AC_UL320_.jpg
276,Men's Regular Fit Cotton Blend Trouser,https://m.media-amazon.com/images/I/71+qQvvhAbL._AC_UL320_.jpg
277,Men's Reguler Fit Poly Cotton Trouser Pant's Formal Trouser Casual Trouser Pant,https://m.media-amazon.com/images/I/61KAF9wYveL._AC_UL320_.jpg
278,by Shoppers Solid Polyester Viscose Stretch Slim Fit Mens Trousers (S21FTASST3BL-P),https://m.media-amazon.com/images/I/61YNrh5hLaL._AC_UL320_.jpg
279,Men's PLEATLESS Slim FIT Dark Brown Formal Trouser,https://m.media-amazon.com/images/I/81IiDIgOavL._AC_UL320_.jpg
280,Ganpati Sulz Men's Regular Formal Trousers,https://m.media-amazon.com/images/I/51mj2frXx-L._AC_UL320_.jpg
281,Men's Regular Fit Cotton Blend Trousers,https://m.media-amazon.com/images/I/51I2saM6i+L._AC_UL320_.jpg
282,Men's Casual Solid Lycra Trouser for Men & Boys|Men's Casual Trouser,https://m.media-amazon.com/images/I/81QoWdCY+xL._AC_UL320_.jpg
283,Men's Slim Fit Cream Trouser,https://m.media-amazon.com/images/I/61Ahv4FNbIL._AC_UL320_.jpg
284,Solid Cotton Stretch Slim Fit Mens Trousers,https://m.media-amazon.com/images/I/61v7bZHdbSL._AC_UL320_.jpg
285,Slim Men's PLEATLESS Smart FIT Medium Khaki Formal Trouser,https://m.media-amazon.com/images/I/81PHXZa3-LL._AC_UL320_.jpg
286,Men's Regular Fit Formal Trousers (219_BALENO_STEELGREY_XX44_Grey_44),https://m.media-amazon.com/images/I/51bjcJEXOdS._AC_UL320_.jpg
287,Light Weight Men's Pant in Strechable Fabric,https://m.media-amazon.com/images/I/51qKqBo+fmL._AC_UL320_.jpg
288,Men Formal Trouser,https://m.media-amazon.com/images/I/51cMIi9x7aL._AC_UL320_.jpg
289,Air Blue Casuale Khakis,https://m.media-amazon.com/images/I/51SCclB9FAL._AC_UL320_.jpg
290,Men Grey Denver Slim Fit Solid Casual Trousers,https://m.media-amazon.com/images/I/81CPHRnh5hL._AC_UL320_.jpg
291,Plus (Since 1958) Men's Cotton Blend Solid Trousers,https://m.media-amazon.com/images/I/41WUwPYeKYL._AC_UL320_.jpg
292,Men's Slim Fit Trousers (V0502BA002CamelKhaki),https://m.media-amazon.com/images/I/61poyeAsYxL._AC_UL320_.jpg
293,Men's Slim Casual Pants,https://m.media-amazon.com/images/I/512phz9FBlL._AC_UL320_.jpg
294,Solid Polyester Viscose Stretch Slim Fit Men's Trousers,https://m.media-amazon.com/images/I/51byYKgr2lL._AC_UL320_.jpg
295,Solid Men's Formal Pleated Front Trouser Regular fit Cotton Blend Gents Pants for Office interviews from Size 28 to 44,https://m.media-amazon.com/images/I/71OPlt5KBFL._AC_UL320_.jpg
296,Men's Slim Casual Pants,https://m.media-amazon.com/images/I/61euIulaBCL._AC_UL320_.jpg
297,Men's Slim Fit Trousers (Atlanta_Satin_GRENISH Brown_44),https://m.media-amazon.com/images/I/91a9nyCI9IL._AC_UL320_.jpg
298,Men Casual Pants,https://m.media-amazon.com/images/I/61WyD+al28L._AC_UL320_.jpg
299,Grey Trousers,https://m.media-amazon.com/images/I/61q2Nw6YnhL._AC_UL320_.jpg
